{
    "Random Forest": {
        "accuracy": 0.9553592032549948,
        "precision": 0.9410829030428708,
        "recall": 0.9553592032549948,
        "f1_score": 0.9436858521973817
    },
    "XGBoost": {
        "accuracy": 0.9582073237383859,
        "precision": 0.9470172532110852,
        "recall": 0.9582073237383859,
        "f1_score": 0.9472691838788199
    }
}